Country_Code,2003,2004,2005,2006,2007,2008,2009,2010,2011,2012,2013,2014,2015,2016,2017,2018,2019,2020,2021,2022
ABW,2044134078,2254748603,2359776536,2469832402,2677653631,2843016760,2553631285,2453631285,2637988827,2615083799,2727932961,2791061453,2963128492,2983798883,3092178771,3276187709,3395793855,2610038939,3126019385,
AFG,4539496563,5220825049,6226198935,6971383339,9715765105,10249770319,12154835708,15633843662,18190413832,20203572960,20564485419,20550582747,19998143636,18019554403,18896353156,18418860354,18904502222,20143451706,14583135237,
AGO,17812704626,23552057820,36970901025,52381025105,65266415707,88538664888,70307196477,81699526881,1.09437E+11,1.24998E+11,1.33402E+11,1.37244E+11,87219300385,49840491178,68972769396,77792944472,69309110146,50241368244,65685435100,1.06714E+11
ALB,5611496257,7184685782,8052077209,8896074996,10677324873,12881352878,12044205572,11926926654,12890760273,12319834233,12776224537,13228147516,11386853143,11861199831,13019726212,15156424062,15401826081,15162734205,17930565119,18882095518
AND,2361635782,2895047587,3159826892,3456265062,3952397735,4085781939,3674188229,3449925739,3629133575,3188652765,3193512950,3271685597,2789881259,2896610480,3000162081,3218419897,3155149348,2891001149,3325145407,3352032737
ARB,8.93818E+11,1.06274E+12,1.3044E+12,1.54554E+12,1.79793E+12,2.26303E+12,1.98705E+12,2.33464E+12,2.55598E+12,2.8017E+12,2.85967E+12,2.90573E+12,2.55416E+12,2.53754E+12,2.63711E+12,2.84348E+12,2.86889E+12,2.53338E+12,2.92846E+12,3.55756E+12
ARE,1.24346E+11,1.47824E+11,1.80617E+11,2.22117E+11,2.57916E+11,3.15475E+11,2.53547E+11,2.89787E+11,3.50666E+11,3.8461E+11,4.00219E+11,4.14105E+11,3.70275E+11,3.69255E+11,3.90517E+11,4.27049E+11,4.1799E+11,3.49473E+11,4.15022E+11,5.07535E+11
ARG,1.27587E+11,1.64658E+11,1.98737E+11,2.32557E+11,2.87531E+11,3.61558E+11,3.32976E+11,4.23627E+11,5.30158E+11,5.45982E+11,5.52025E+11,5.2632E+11,5.94749E+11,5.57532E+11,6.43628E+11,5.2482E+11,4.47755E+11,3.8554E+11,4.87227E+11,6.3277E+11
ARM,2807061009,3576615240,4900469515,6384452071,9206301264,11662040704,8647937091,9260285762,10142111812,10619320693,11121464430,11609513241,10553337528,10546136240,11527458713,12457940705,13619290546,12641698594,13861409969,19502783988
ASM,524000000,509000000,500000000,493000000,518000000,560000000,675000000,573000000,570000000,640000000,638000000,643000000,673000000,671000000,612000000,639000000,647000000,716000000,709000000,
ATG,856396296.3,919729629.6,1022962963,1157662963,1312759259,1370070370,1228329630,1148700000,1137637037,1199948148,1181448148,1249733333,1336692593,1436585185,1467955556,1604770370,1675403704,1416348148,1560518519,1757603704
AUS,4.67498E+11,6.14326E+11,6.95305E+11,7.47907E+11,8.54427E+11,1.05569E+12,9.2863E+11,1.14857E+12,1.39846E+12,1.54695E+12,1.57633E+12,1.46759E+12,1.35058E+12,1.20656E+12,1.32647E+12,1.42827E+12,1.39222E+12,1.32694E+12,1.5527E+12,1.67542E+12
AUT,2.62274E+11,3.01458E+11,3.16092E+11,3.3628E+11,3.89186E+11,4.32052E+11,4.01759E+11,3.92275E+11,4.31685E+11,4.09402E+11,4.30191E+11,4.42585E+11,3.81971E+11,3.95837E+11,4.17261E+11,4.54991E+11,4.44621E+11,4.35225E+11,4.80368E+11,4.714E+11
AZE,7276413079,8680410158,13245421881,20981929498,33049426816,48851318826,44292408817,52909294792,65952763949,69679913510,74160553009,75239737489,53076244755,37867007023,40866632048,47112479289,48174235294,42693000000,54825411765,78721058824
BDI,784654423.6,915257323.4,1117113080,1273375078,1356199387,1611835857,1781455140,2032135191,2235820809,2333341334,2451606632,2705783330,3104003546,2644487777,2723586962,2667182199,2576518879,2649680261,2775798697,3073414678
BEL,3.18083E+11,3.69215E+11,3.85715E+11,4.0826E+11,4.70922E+11,5.17328E+11,4.83254E+11,4.81421E+11,5.2333E+11,4.96153E+11,5.21791E+11,5.3539E+11,4.62336E+11,4.76063E+11,5.02765E+11,5.43299E+11,5.35866E+11,5.25213E+11,5.94352E+11,5.78604E+11
BEN,5349258093,6190270377,6567654959,7034111316,8169048375,9787734517,9738626510,9535345011,10693321370,11141358106,12517845128,13284527850,11388160997,11821065852,12701655846,14262408080,14391686309,15651545209,17690083520,17401746309
BFA,4740768141,5451688535,6146353177,6547419822,7625722829,9451435481,9450696866,10109619736,12080295985,12561015145,13444300490,13943016080,11832159316,12833363044,14106955625,15890066210,16178161666,17933606213,19737616003,18884619613
BGD,60158929188,65108544250,69442943089,71819083684,79611888213,91631278239,1.02478E+11,1.15279E+11,1.28638E+11,1.33356E+11,1.49991E+11,1.72885E+11,1.95079E+11,2.65236E+11,2.93755E+11,3.21379E+11,3.51238E+11,3.73902E+11,4.16265E+11,4.60201E+11
BGR,21144962058,26157744753,29868651533,34380543845,44432811756,54480697770,52023813558,50754203891,57735709914,54290156342,55844245264,57159557805,50828088836,53987487124,59343060706,66399602077,68911930628,70404359049,84061395658,89040398406
BHR,11074813830,13150159574,15968723404,18504760638,21730000000,25710904255,22938218085,25713271277,28776595745,30749308511,32539468085,33387712766,31050638298,32234973404,35473776596,37802005319,38653318085,34621807713,39303403989,44390820479
BHS,8870090000,9055290000,9836200000,10167250000,10618340000,10526000000,9981960000,10095760000,10070450000,10720500000,10562800000,11176100000,11672900000,11750800000,12253500000,12653600000,13058700000,9754600000,11527600000,12897400000
BIH,8498893358,10156541358,11222796197,12864842269,15778737117,19112801197,17613946109,17176320823,18644239028,17226736285,18179104549,18558731213,16404352156,17116926092,18326376394,20484048416,20482603346,20226030731,23649566069,24527507288
BLR,17825437483,23141593074,30210091837,36961822468,45275747157,60752177439,50873181572,57231904543,61762340943,65685903570,75527537703,78812785768,56454895055,47723549319,54725311690,60031163987,64410112583,61371755326,69673747132,72793457588
BLZ,1298000000,1389500000,1461500000,1581000000,1696000000,1729000000,1680500000,1738500000,1819500000,1903000000,2029500000,2138000000,2210500000,2258500000,2286000000,2315000000,2416500000,2080000000,2491500000,2824081836
BMU,4186525000,4484703000,4868136000,6144000000,6767000000,6980000000,6656000000,6634526000,6312691000,6378188000,6465756000,6413988000,6654541000,6899911000,7142316000,7225977000,7423465000,6887147000,7127200000,7550500000
BOL,8082399991,8773451752,9549122313,11451845379,13120107739,16674276979,17339992194,19649724656,23963162969,27084497482,30659338886,32996188017,33000198249,33941126194,37508642171,40287647931,40895322851,36629843806,40408208524,43068885673
BRA,5.58234E+11,6.69289E+11,8.91634E+11,1.10763E+12,1.39711E+12,1.69586E+12,1.667E+12,2.20884E+12,2.61616E+12,2.46523E+12,2.47282E+12,2.45604E+12,1.80221E+12,1.79569E+12,2.06351E+12,1.91693E+12,1.87329E+12,1.47611E+12,1.64962E+12,1.9201E+12
BRB,3209500000,3444500000,3819500000,4217450800,4674007450,4784925100,4465657300,4529928300,4657699450,4610096000,4677248300,4696344350,4724691200,4832811750,4981588900,5097283200,5324250000,4671800000,4843800000,5637914515
BRN,6557395816,7872201251,9531417164,11470462365,12247680703,14393437610,10732592999,13707275498,18525128230,19048443089,18094326393,17097801092,12930292949,11400467372,12128182464,13567164445,13469240163,12005795915,14006497000,16681531646
BTN,603999372.4,682577073.5,796938572,874989734.7,1168307575,1227809261,1234015142,1547990907,1777102586,1781280170,1756214304,1907090362,2003596824,2158971718,2450366108,2446867582,2535655609,2325185521,2539551327,
BWA,7511582173,8957467707,9918907108,9919158482,10567270656,10730828592,10118459714,12637273429,15110642876,13907464500,14271738367,15470087926,13530749290,15082636723,16105156376,17031943186,16725908662,14960291541,18737066307,20352322157
CAF,1142315522,1272360517,1337894380,1461859763,1699811293,1993407887,2067381664,2142591539,2437982707,2510126510,1691544111,1894813390,1695825714,1825018144,2072349974,2220979145,2221301351,2326720902,2516498412,2382618615
CAN,8.95541E+11,1.02669E+12,1.17311E+12,1.31926E+12,1.46882E+12,1.55299E+12,1.37463E+12,1.61734E+12,1.79333E+12,1.82837E+12,1.8466E+12,1.80575E+12,1.55651E+12,1.52799E+12,1.64927E+12,1.7253E+12,1.74373E+12,1.6476E+12,2.00149E+12,2.13984E+12
CEB,6.34393E+11,7.63091E+11,8.86072E+11,1.00157E+12,1.26542E+12,1.53054E+12,1.2897E+12,1.3164E+12,1.45456E+12,1.35888E+12,1.41732E+12,1.46355E+12,1.29337E+12,1.3165E+12,1.46122E+12,1.64851E+12,1.67411E+12,1.66536E+12,1.90556E+12,1.94633E+12
CHE,3.62088E+11,4.03914E+11,4.18293E+11,4.41619E+11,4.90755E+11,5.67273E+11,5.54192E+11,5.98851E+11,7.15888E+11,6.8642E+11,7.06235E+11,7.26538E+11,6.94118E+11,6.87895E+11,6.95201E+11,7.25563E+11,7.21369E+11,7.39914E+11,8.0064E+11,8.07706E+11
CHI,7332244898,8553643354,8827272727,9676172953,11514605842,,,,,,,,,9511207129,9530244530,10422948632,10381669645,9811538462,11735662220,
CHL,76507853876,99079365628,1.22315E+11,1.5384E+11,1.72566E+11,1.79663E+11,1.71413E+11,2.17105E+11,2.51225E+11,2.67176E+11,2.77239E+11,2.59405E+11,2.42497E+11,2.49299E+11,2.76365E+11,2.95403E+11,2.78493E+11,2.54096E+11,3.16714E+11,3.01025E+11
CHN,1.66028E+12,1.95535E+12,2.28596E+12,2.75212E+12,3.55033E+12,4.59434E+12,5.10169E+12,6.08719E+12,7.55155E+12,8.53219E+12,9.57047E+12,1.04756E+13,1.10616E+13,1.12333E+13,1.23105E+13,1.38949E+13,1.428E+13,1.46877E+13,1.78205E+13,1.79632E+13
CIV,21251754335,23510575669,24036918719,25281413268,28760090924,34078240260,33886813225,34936307964,36693710822,36302302844,42760235496,48843005625,45815005171,48407761032,52512344034,58522477745,59898479821,62982768372,71811075955,70018715017
CMR,15970315030,18826214125,19509852219,20910512978,23928250410,27715142006,27932970297,27507501809,30630910513,30155062303,33728621190,36386544716,32210233022,33814337041,36098547059,39973842059,39670976440,40773241212,45338285386,44341646509
COD,8937567060,10297483481,11964484458,14451901696,16737071816,19788515579,18648372545,21565721036,25839749199,29306235295,32679745036,35909040944,37917706486,37134801549,38019264805,47568210021,51775829869,48716961865,55350968593,58065953573
COG,3503723087,4656974938,6650001685,8072305031,8782703428,11649857662,9723299908,13148396206,15655383586,17692911281,17958720704,17912907682,11890259177,10219341017,11094823677,13670038020,12750338736,10483151094,13366230821,14615532210
COL,94644969146,1.17092E+11,1.45601E+11,1.61793E+11,2.0623E+11,2.42504E+11,2.32469E+11,2.86499E+11,3.34966E+11,3.70691E+11,3.82094E+11,3.81241E+11,2.93492E+11,2.8272E+11,3.11867E+11,3.34198E+11,3.23032E+11,2.70151E+11,3.18512E+11,3.43939E+11
COM,546885223.2,633706110.4,653845169.2,698431794.5,795673153.2,915659107.8,905341174,907978731.7,1023086273,1015843491,1116224107,1149587660,966029599.8,1012835493,1077439756,1188797450,1195019531,1225039196,1296089479,1242519407
CPV,813260468.9,924940012.9,972241682.1,1107571459,1649621735,1959620653,1852334581,1824751460,2046817975,1913081206,2028910915,2041930125,1749857628,1849789993,1996741545,2205099509,2266752197,1878277311,2091741774,2314816792
CRI,17271760507,18610594846,20040642477,22715540324,26884700345,30801744881,30745714327,37658614803,42762613706,47231655433,50949668886,52016408924,56441920824,58847019585,60516044623,62420164965,64417670556,62395610764,64616482168,68380838316
CSS,39887632895,43625669538,49307227387,56074290119,62328938789,70781391356,59840574174,64939019150,70074558334,73844945661,75227025826,76921753856,75480329447,70977854237,73482494257,76247249561,77282796216,65994922945,75672802627,92935645973
CUB,35901200000,38203000000,42643836100,48835925926,54262870370,56302129630,57481481481,59562962963,68990000000,73141000000,77148000000,80656000000,87133000000,91370000000,96851000000,1.0005E+11,1.03428E+11,1.07352E+11,,
CUW,,,,,,,,,2933128492,3024525140,3039944134,3048435754,3042737430,3014748603,3009497207,3020388827,2995185475,2496174749,2699612458,
CYM,,,,4200288282,4466278031,4585948969,4281714618,4156841164,4186073160,4291004486,4405796081,4562853582,4708167255,4909322200,5166281293,5530178499,5941896600,5647224973,6028373541,
CYP,14547325028,17320552500,18433411267,20072786351,23968764030,27844698989,25945391775,25799940416,27641551809,25047433100,23959708956,23225912183,19909269065,21046452117,22946583376,25597301191,25945194240,25008266159,28408064462,28439052741
CZE,1.0009E+11,1.19815E+11,1.37143E+11,1.56264E+11,1.90184E+11,2.36817E+11,2.07434E+11,2.0907E+11,2.29563E+11,2.08858E+11,2.11686E+11,2.09359E+11,1.88033E+11,1.96272E+11,2.18629E+11,2.49001E+11,2.52548E+11,2.45975E+11,2.81791E+11,2.90924E+11
DEU,2.50164E+12,2.81435E+12,2.84686E+12,2.9947E+12,3.42558E+12,3.74526E+12,3.41126E+12,3.39967E+12,3.74931E+12,3.52714E+12,3.7338E+12,3.88909E+12,3.35759E+12,3.46985E+12,3.69085E+12,3.97444E+12,3.88823E+12,3.88967E+12,4.25993E+12,4.07219E+12
DJI,622044665.5,666072101.8,708633194.7,768873684,847918929.1,999105339.3,1049110685,1128611700,1239144502,1353632942,2042817163,2214679081,2424391785,2604955229,2762581334,2913466732,3088853639,3181071154,3372287462,3515109075
DMA,343311111.1,367200000,364255555.6,390251851.9,421374074.1,458188888.9,489074074.1,493825925.9,501025925.9,485996296.3,498296296.3,520207407.4,540737037,576229629.6,521551851.9,554770370.4,611537037,504214814.8,555266666.7,612048148.1
DNK,2.18097E+11,2.51375E+11,2.64467E+11,2.82886E+11,3.19423E+11,3.53359E+11,3.21243E+11,3.21995E+11,3.44003E+11,3.27149E+11,3.43584E+11,3.52994E+11,3.02673E+11,3.13116E+11,3.32121E+11,3.56841E+11,3.46499E+11,3.55222E+11,3.98303E+11,3.95404E+11
DOM,21403168128,22322387610,35777560475,37879829855,43965459071,48122601590,48261079524,53860187452,58029773802,60681535894,62682158700,67179956265,71164826720,75704647977,79998045976,85555390386,88941371980,78844655833,94243426487,1.13642E+11
DZA,67863850334,85332581189,1.03198E+11,1.17027E+11,1.34977E+11,1.71001E+11,1.37211E+11,1.61207E+11,2.00013E+11,2.09059E+11,2.09755E+11,2.1381E+11,1.65979E+11,1.60034E+11,1.70097E+11,1.74911E+11,1.7176E+11,1.45744E+11,1.63472E+11,1.91913E+11
EAP,2.3113E+12,2.68192E+12,3.10648E+12,3.74032E+12,4.72737E+12,5.97843E+12,6.48398E+12,7.88896E+12,9.64501E+12,1.07585E+13,1.18706E+13,1.27981E+13,1.33269E+13,1.36118E+13,1.48767E+13,1.66399E+13,1.72071E+13,1.74874E+13,2.08374E+13,2.11893E+13
EAR,3.6331E+12,4.22977E+12,4.93186E+12,5.63966E+12,6.67194E+12,7.52422E+12,7.26237E+12,8.80499E+12,9.72422E+12,1.01624E+13,1.03052E+13,1.06619E+13,1.01475E+13,1.04801E+13,1.13354E+13,1.14651E+13,1.16963E+13,1.09093E+13,1.26742E+13,1.40295E+13
EAS,8.69926E+12,9.75692E+12,1.04095E+13,1.10317E+13,1.2326E+13,1.42109E+13,1.4623E+13,1.70664E+13,1.97907E+13,2.11722E+13,2.14108E+13,2.20862E+13,2.19972E+13,2.27723E+13,2.43249E+13,2.64852E+13,2.7024E+13,2.71449E+13,3.10956E+13,3.06552E+13
ECA,9.47224E+11,1.25602E+12,1.58962E+12,1.95011E+12,2.50947E+12,3.11039E+12,2.43781E+12,2.95312E+12,3.67009E+12,3.91468E+12,4.15027E+12,3.84577E+12,2.92169E+12,2.77787E+12,3.11842E+12,3.18291E+12,3.24804E+12,2.9909E+12,3.58168E+12,4.1247E+12
ECS,1.35369E+13,1.57771E+13,1.67825E+13,1.81692E+13,2.12301E+13,2.33654E+13,2.05495E+13,2.10221E+13,2.33079E+13,2.24529E+13,2.34561E+13,2.37838E+13,2.04873E+13,2.04195E+13,2.16552E+13,2.31938E+13,2.29103E+13,2.215E+13,2.51539E+13,2.5192E+13
ECU,32432858000,36591661000,41507085000,46802044000,51007777000,61762635000,62519686000,69555367000,79276664000,87924544000,95129659000,1.01726E+11,99290381000,99937696000,1.04296E+11,1.07562E+11,1.08108E+11,99291124000,1.06166E+11,1.15049E+11
EGY,80288461538,78782467532,89600665557,1.07426E+11,1.30438E+11,1.62818E+11,1.89147E+11,2.18984E+11,2.3599E+11,2.79117E+11,2.88434E+11,3.05595E+11,3.29367E+11,3.32442E+11,2.48363E+11,2.62589E+11,3.18679E+11,3.83818E+11,4.24672E+11,4.76748E+11
EMU,8.86233E+12,1.01604E+13,1.05235E+13,1.1184E+13,1.28791E+13,1.41583E+13,1.29385E+13,1.26417E+13,1.36379E+13,1.26388E+13,1.31963E+13,1.35101E+13,1.16755E+13,1.19737E+13,1.26797E+13,1.36982E+13,1.34184E+13,1.30861E+13,1.45709E+13,1.40409E+13
ERI,870248293.7,1109054005,1098424709,1211161880,1317974491,1380188800,1856695551,1589515447,2065001626,,,,,,,,,,,
ESP,9.07492E+11,1.06906E+12,1.15372E+12,1.2604E+12,1.474E+12,1.63186E+12,1.49147E+12,1.42211E+12,1.48071E+12,1.32475E+12,1.35558E+12,1.37182E+12,1.19616E+12,1.23355E+12,1.31325E+12,1.4217E+12,1.39432E+12,1.27696E+12,1.42738E+12,1.39751E+12
EST,9874013098,12145911801,14106790200,17022870405,22449129483,24341678629,19633031398,19523477326,23213994093,23019150071,25115753366,26634083965,22890762090,24072829277,26924385103,30624720196,31081901909,31370395573,37191166152,38100812959
ETH,8623691300,10131187261,12401139454,15280861835,19707616773,27066912635,32437389116,29933790334,31952763089,43310721414,47648276190,55612228234,64589329345,74296745599,81770886909,84269196152,95912607970,1.07658E+11,1.11262E+11,1.26783E+11
EUU,9.93218E+12,1.14189E+13,1.19101E+13,1.27126E+13,1.47274E+13,1.62952E+13,1.47626E+13,1.4556E+13,1.57648E+13,1.4642E+13,1.52948E+13,1.56506E+13,1.35531E+13,1.3889E+13,1.47647E+13,1.59799E+13,1.56926E+13,1.53705E+13,1.71879E+13,1.66414E+13
FCS,5.40102E+11,6.81202E+11,8.56244E+11,1.06063E+12,1.29158E+12,1.63623E+12,1.51232E+12,1.78942E+12,1.68295E+12,1.88603E+12,1.95774E+12,2.07705E+12,1.65906E+12,1.55535E+12,1.64554E+12,1.73029E+12,1.82639E+12,1.66307E+12,1.78349E+12,1.89255E+12
FIN,1.71652E+11,1.97479E+11,2.04885E+11,2.17089E+11,2.56378E+11,2.85716E+11,2.53498E+11,2.49424E+11,2.75604E+11,2.5829E+11,2.71362E+11,2.74863E+11,2.34534E+11,2.40771E+11,2.55648E+11,2.75708E+11,2.68515E+11,2.71886E+11,2.96388E+11,2.80826E+11
FJI,2300492002,2708078477,2980403465,3076305453,3378314600,3523185920,2870624636,3140167239,3779412255,3972028510,4189968870,4857103847,4682480304,4930213788,5353468388,5581425891,5481692622,4477030180,4296235428,4943248200
FRA,1.84454E+12,2.11963E+12,2.19695E+12,2.32054E+12,2.66059E+12,2.9303E+12,2.70089E+12,2.64519E+12,2.86516E+12,2.68367E+12,2.81188E+12,2.85596E+12,2.43919E+12,2.47296E+12,2.59515E+12,2.79096E+12,2.72887E+12,2.63901E+12,2.95788E+12,2.78291E+12
FRO,1501941505,1724770867,1759739599,2017680722,2339015385,2489873331,2296065313,2331796784,2505740886,2427200583,2690110671,2914012852,2573906036,2813278761,2980057168,3188601035,3275684065,3248670978,3649878680,
FSM,245432900,240236000,250281900,253541900,256787200,263145100,280284600,296944100,311301600,327248700,317214400,319271200,316489900,332265200,366666800,401932300,412000000,408000000,404028900,427094119.1
GAB,6511903364,7770219004,9582783997,10327598309,12455409575,15571348329,12113699059,14372593014,18210307754,17170464001,17595744804,18203966900,14383107763,14023890264,14929487496,16867326390,16874405460,15314577168,20217946921,21071739228
GBR,2.0567E+12,2.42305E+12,2.54481E+12,2.70998E+12,3.093E+12,2.93168E+12,2.41757E+12,2.4914E+12,2.6664E+12,2.70634E+12,2.78632E+12,3.06522E+12,2.93486E+12,2.69966E+12,2.68349E+12,2.87815E+12,2.85706E+12,2.70461E+12,3.12248E+12,3.07067E+12
GEO,3991377904,5125365192,6410912050,7745249284,10172933118,12795147992,10766919442,12243219360,15107482383,16488819133,17190068236,17627336228,14953675993,15141598623,16242647230,17596922470,17470436259,15842922533,18629365612,24605375420
GHA,7632720680,8881419348,10744562615,20885042153,24827333947,28679383241,26048726186,32197648061,39336668081,41271708600,62824629066,54783320577,49406014245,56164933479,60405920071,67298913752,68337974419,70043095503,79156409410,72838798788
GIB,,,,,,,,,,,,,,,,,,,,
GIN,3446441785,3635458214,2937071740,4220019243,6281917650,6964179188,6716904516,6853467833,6785137215,7638045226,8376613880,8778473643,8794202395,8595955601,10324668271,11857030366,13442861497,14177835841,16091817842,21227749389
GMB,487038679.4,961900640.7,1027701056,1054112488,1279703030,1561766956,1450142497,1543294945,1409693594,1415004743,1375609460,1229461732,1378176606,1484578897,1504909448,1670671340,1813609679,1812170878,2038414974,2273060863
GNB,477458577.2,532062894.8,587029096,592365659.8,696910784,868154627.9,830126428.8,849878489.1,1099818592,989271155.1,1046087367,1054915581,1048229633,1179004911,1350177012,1504630234,1439638411,1431758232,1638517607,1633559092
GNQ,2484745935,4410764339,8217369093,10086528699,13071718759,19749893536,15027795173,16314443429,21357343682,22388344124,21948834290,21765453087,13185496881,11240808847,12200913888,13097012124,11364133546,10099157996,12269393392,11813908448
GRC,2.0237E+11,2.40964E+11,2.47875E+11,2.73547E+11,3.18903E+11,3.55909E+11,3.31309E+11,2.97125E+11,2.82996E+11,2.42029E+11,2.38908E+11,2.35458E+11,1.95684E+11,1.93148E+11,1.99844E+11,2.12049E+11,2.05257E+11,1.88926E+11,2.14874E+11,2.19066E+11
GRD,591018407.4,599118592.6,695555555.6,698700666.7,758683592.6,825976037,771275555.6,771014814.8,778655555.6,799881481.5,842618518.5,911496296.3,997007407.4,1061640741,1125685185,1166514815,1213485185,1043411111,1122800000,1256413185
GRL,1558759744,1822499871,1849802648,2013106817,2249811365,2499092396,2529964061,2503167187,2684461608,2609678695,2684947140,2842065877,2499113085,2707146783,2851610656,3055791341,2997331094,3082909158,3235816195,
GTM,21576351799,23577298589,26783388709,29744247479,33567850095,38503718527,37126146369,40676579265,46876004265,49593926849,52996447956,57852150565,62186064719,66053402745,71653756504,73328369926,77172313916,77715183063,86053079767,95003333381
GUM,3569000000,3869000000,4213000000,4238000000,4397000000,4658000000,4828000000,4949000000,4984000000,5265000000,5399000000,5610000000,5799000000,5901000000,6013000000,6056000000,6366000000,5886000000,6123000000,
GUY,743063949,787814379.2,824880550.3,2379817987,2730971600,3025187428,3165663153,3432912511,3691384318,4063088529,4167800936,4127660158,4279840194,4482697337,4748174334,4787637006,5173760192,5471256595,8044498801,15357537068
HIC,3.21255E+13,3.57716E+13,3.78311E+13,3.99625E+13,4.37561E+13,4.66239E+13,4.36694E+13,4.57598E+13,4.94125E+13,4.94461E+13,5.0054E+13,5.11341E+13,4.82736E+13,4.93063E+13,5.15709E+13,5.48397E+13,5.53155E+13,5.3938E+13,6.00167E+13,6.15358E+13
HKG,1.61386E+11,1.691E+11,1.81569E+11,1.93535E+11,2.11597E+11,2.19279E+11,2.14048E+11,2.28639E+11,2.48514E+11,2.62629E+11,2.75697E+11,2.9146E+11,3.09386E+11,3.2086E+11,3.41273E+11,3.61731E+11,3.63075E+11,3.44943E+11,3.68911E+11,3.59839E+11
HND,8230391505,8869299234,9757012869,10917476874,12361257681,13881731631,14587496229,15839344592,17710275997,18528554861,18499729063,19756533658,20979791685,21717604581,23136248046,24067750466,25089937109,23827859695,28488721296,31717700115
HPC,2.11521E+11,2.43387E+11,2.79221E+11,3.29711E+11,3.94094E+11,4.69266E+11,4.74595E+11,5.24406E+11,5.88453E+11,6.09296E+11,6.77647E+11,7.19694E+11,6.98814E+11,7.31975E+11,8.0985E+11,7.71242E+11,7.99161E+11,8.08664E+11,8.98772E+11,9.7011E+11
HRV,35254833028,41855265955,45025328214,49532592593,59172904661,68342061762,61941466003,58693611581,62599775593,57231455635,59363124069,59214461630,50742086223,52391038979,55937483558,61330483610,61329267533,57624938982,68843674641,70964606465
HTI,5071947798,6087360735,7030149791,7638739124,9228637766,10432962725,11597002930,11859312627,13008746039,13708925403,14902488489,15146883647,14849629408,14069277532,15093357143,16403864521,15016090930,14508222518,20877414952,20253551885
HUN,85285075492,1.04121E+11,1.13211E+11,1.15716E+11,1.40187E+11,1.58326E+11,1.31069E+11,1.32175E+11,1.41942E+11,1.28814E+11,1.35684E+11,1.41034E+11,1.25174E+11,1.2861E+11,1.43112E+11,1.60566E+11,1.6402E+11,1.57227E+11,1.82275E+11,1.78789E+11
IBD,6.74793E+12,8.04352E+12,9.6158E+12,1.14039E+13,1.41661E+13,1.70002E+13,1.64879E+13,2.00482E+13,2.37395E+13,2.52312E+13,2.66213E+13,2.75195E+13,2.57743E+13,2.59721E+13,2.8689E+13,3.05201E+13,3.11819E+13,3.00366E+13,3.56156E+13,3.76357E+13
IBT,7.41182E+12,8.82257E+12,1.0527E+13,1.24933E+13,1.544E+13,1.85213E+13,1.80031E+13,2.17985E+13,2.55217E+13,2.71064E+13,2.86593E+13,2.9717E+13,2.79223E+13,2.81626E+13,3.09783E+13,3.28936E+13,3.36394E+13,3.24509E+13,3.82462E+13,4.04488E+13
IDA,6.64924E+11,7.80117E+11,9.12148E+11,1.09062E+12,1.27445E+12,1.52148E+12,1.51576E+12,1.75074E+12,1.7821E+12,1.87505E+12,2.03805E+12,2.19744E+12,2.14672E+12,2.1889E+12,2.28878E+12,2.37351E+12,2.45726E+12,2.4135E+12,2.63095E+12,2.81327E+12
IDB,2.56312E+11,3.11522E+11,3.72742E+11,4.69295E+11,5.41265E+11,6.40036E+11,6.06966E+11,7.1559E+11,8.23906E+11,9.09186E+11,9.89607E+11,1.07698E+12,1.01784E+12,9.77322E+11,9.60024E+11,1.04886E+12,1.0697E+12,1.00257E+12,1.09604E+12,1.1733E+12
IDN,2.34772E+11,2.56837E+11,2.85869E+11,3.64571E+11,4.32217E+11,5.10229E+11,5.3958E+11,7.55094E+11,8.92969E+11,9.1787E+11,9.12524E+11,8.90815E+11,8.60854E+11,9.31877E+11,1.01562E+12,1.04227E+12,1.1191E+12,1.05905E+12,1.18651E+12,1.3191E+12
IDX,4.09446E+11,4.69275E+11,5.39967E+11,6.2135E+11,7.33405E+11,8.8188E+11,9.09364E+11,1.03574E+12,9.58377E+11,9.65873E+11,1.04844E+12,1.12046E+12,1.12888E+12,1.21157E+12,1.32875E+12,1.32464E+12,1.38756E+12,1.41093E+12,1.53488E+12,1.63993E+12
IMN,2328658228,2822358473,3032409189,3422735302,4466353635,5928788781,5486918995,5920366628,6565668781,6690228489,7001180246,7708459145,7084795708,6846373277,6979791187,7491654051,7314966839,6684229269,,
IND,6.07699E+11,7.09149E+11,8.20382E+11,9.4026E+11,1.21674E+12,1.1989E+12,1.34189E+12,1.67562E+12,1.82305E+12,1.82764E+12,1.85672E+12,2.03913E+12,2.10359E+12,2.2948E+12,2.65147E+12,2.70293E+12,2.83561E+12,2.6716E+12,3.15031E+12,3.38509E+12
INX,,,,,,,,,,,,,,,,,,,,
IRL,1.64671E+11,1.94372E+11,2.11877E+11,2.32181E+11,2.70079E+11,2.75447E+11,2.36443E+11,2.21914E+11,2.39003E+11,2.25629E+11,2.38341E+11,2.59171E+11,2.91775E+11,2.99091E+11,3.36378E+11,3.85737E+11,3.99322E+11,4.25852E+11,5.04183E+11,5.29245E+11
IRN,1.53545E+11,1.90043E+11,2.26452E+11,2.66299E+11,3.49882E+11,4.12336E+11,4.16397E+11,4.86808E+11,6.26133E+11,6.44036E+11,4.92776E+11,4.60383E+11,4.08213E+11,4.57955E+11,4.8663E+11,3.27901E+11,2.8365E+11,2.39735E+11,3.59097E+11,3.88544E+11
IRQ,21921569479,36627901762,49954890353,65140147197,88837055195,1.31614E+11,1.11658E+11,1.38517E+11,1.8575E+11,2.18002E+11,2.34638E+11,2.28416E+11,1.66774E+11,1.66602E+11,1.87218E+11,2.27367E+11,2.33636E+11,1.80924E+11,2.07692E+11,2.64182E+11
ISL,11429335645,13825309101,16852971987,17465318552,21652505597,18074619562,13154416197,13751161918,15221622926,14751508134,16125060515,17867662178,17517210519,20793168031,24728285177,26260850582,24663643102,21553080484,25552639899,27841648044
ISR,1.31299E+11,1.39974E+11,1.47084E+11,1.5867E+11,1.84053E+11,2.2053E+11,2.11968E+11,2.38364E+11,2.66792E+11,2.62282E+11,2.97733E+11,3.1433E+11,3.03414E+11,3.22103E+11,3.58245E+11,3.76692E+11,4.02471E+11,4.13268E+11,4.88527E+11,5.22033E+11
ITA,1.57762E+12,1.80654E+12,1.85822E+12,1.94955E+12,2.2131E+12,2.40866E+12,2.19993E+12,2.1361E+12,2.29499E+12,2.08696E+12,2.14192E+12,2.16201E+12,1.83664E+12,1.87707E+12,1.9618E+12,2.09193E+12,2.0113E+12,1.89721E+12,2.11436E+12,2.01043E+12
JAM,9430234852,10174664854,11243865788,11930179173,12799600075,13709401444,12120458141,13220549858,14444661488,14807086491,14264205124,13899225340,14188938781,14077105503,14808984881,15730791526,15830766372,13812421859,14657586359,17097760745
JOR,10195627645,11411706629,12588998590,15056981664,17110442867,22658730357,24537876056,27133804225,29524149155,31634561690,34454440141,36847643521,38587017887,39892551127,41608435915,43370860704,44503005775,43579916197,45116317042,47451499859
JPN,4.51956E+12,4.89312E+12,4.83147E+12,4.60166E+12,4.57975E+12,5.10668E+12,5.28949E+12,5.75907E+12,6.23315E+12,6.27236E+12,5.21233E+12,4.89699E+12,4.44493E+12,5.00368E+12,4.93084E+12,5.04088E+12,5.11799E+12,5.04879E+12,5.00554E+12,4.23114E+12
KAZ,30833692831,43151647003,57123671734,81003864916,1.0485E+11,1.33442E+11,1.15309E+11,1.48047E+11,1.92626E+11,2.07999E+11,2.36635E+11,2.21416E+11,1.84388E+11,1.37278E+11,1.66806E+11,1.7934E+11,1.81667E+11,1.71082E+11,1.97112E+11,2.20623E+11
KEN,14904517650,16095337094,18737895401,25825512278,31958195182,35895153328,42347217913,45405615233,46869473166,56396704833,61671440481,68285796663,70120446664,74815143796,82036511259,92202979941,1.00378E+11,1.00658E+11,1.09704E+11,1.1342E+11
KGZ,1919008090,2211534585,2460246796,2834168893,3802570572,5139958956,4690061344,4794361821,6197765942,6605142864,7335033799,7468102369,6678177483,6813095396,7702938395,8271106196,8871019823,7780873259,8740681889,10930644915
KHM,4658246918,5337833248,6293046162,7274595707,8639235913,10351914178,10401851767,11242275289,12829541141,14054443213,15227991395,16702610842,18049954289,20016747858,22177200589,24571753582,27089390033,25872797892,26961061152,29956769529
KIR,90231027.78,102370615.2,112136227.8,110237144.5,132674795.9,141045173.6,132421058.9,155305532.9,180672664.8,189629948.8,184543103.7,177868153.1,170292283.2,178507958.1,188540699.1,196501504.2,175181684.8,177553260.1,227610034.8,223352943.2
KNA,469869869.9,506900000,547203703.7,644414814.8,689285185.2,777691333.3,774273111.1,778718518.5,836092592.6,825381481.5,874896296.3,953170370.4,957037037,1008100000,1058944444,1076922222,1107844444,884522222.2,860844444.4,961563259.3
KOR,7.02717E+11,7.93175E+11,9.34901E+11,1.05322E+12,1.17261E+12,1.04734E+12,9.43942E+11,1.14407E+12,1.25322E+12,1.27843E+12,1.3708E+12,1.48432E+12,1.46577E+12,1.50011E+12,1.6239E+12,1.72485E+12,1.65142E+12,1.64431E+12,1.81096E+12,1.66525E+12
KWT,47874659168,59439090601,80798630137,1.01557E+11,1.14634E+11,1.4738E+11,1.05969E+11,1.15417E+11,1.5408E+11,1.74048E+11,1.74168E+11,1.6265E+11,1.14586E+11,1.09406E+11,1.20688E+11,1.38202E+11,1.36192E+11,1.05949E+11,1.36797E+11,1.84558E+11
LAC,1.75919E+12,2.00786E+12,2.43163E+12,2.83732E+12,3.35309E+12,3.88046E+12,3.60228E+12,4.51009E+12,5.27219E+12,5.24406E+12,5.38236E+12,5.40716E+12,4.59524E+12,4.46552E+12,4.98092E+12,4.83661E+12,4.76908E+12,4.0206E+12,4.62416E+12,5.30057E+12
LAO,2023324407,2366398120,2735558735,3455031448,4223152219,5446434032,5836138127,7131773633,8750107402,10192848926,11983252627,13279248479,14426381187,15912495369,17071162084,18141651381,18740559554,18981800705,18827148530,15724383783
LBN,20082918740,21159827992,21497336499,22022709852,24827355015,29118916106,35399582929,38443907042,39927125961,44016799516,46880103081,48095213746,49929337837,51147308774,53027680686,54901519156,51605959131,31712128254,23131941557,
LBR,748000000,897000000,949000000,1119000000,1373000000,1726000000,1768000000,1998000000,2398000000,2791614000,3177198100,3225652000,3227075700,3398419600,3390703400,3422754800,3319596500,3039982500,3509000000,4001047150
LBY,26265625000,33122307692,47334697612,60094248772,68032985520,86710739535,60808538330,75380800664,48169243832,92540964666,75351117628,57372352562,48717506273,49912085228,67157451660,76686048499,69254143968,46808208747,39798423941,45752336036
LCA,987407407.4,1066666667,1135555556,1268319185,1336088815,1437731111,1401507889,1482370370,1568370370,1598222222,1660222222,1749296296,1807222222,1865444444,1996703704,2057074074,2094185185,1516000000,1691259259,2065027556
LCN,2.05579E+12,2.36819E+12,2.86285E+12,3.35183E+12,3.94881E+12,4.5913E+12,4.31436E+12,5.34906E+12,6.08873E+12,6.15502E+12,6.30775E+12,6.43263E+12,5.37654E+12,5.24975E+12,5.83261E+12,5.70609E+12,5.62281E+12,4.77757E+12,5.51052E+12,6.24662E+12
LDC,2.60881E+11,3.01221E+11,3.55554E+11,4.12395E+11,4.94317E+11,6.03523E+11,6.07851E+11,6.90377E+11,8.01926E+11,8.41894E+11,9.17315E+11,9.85869E+11,9.54996E+11,9.90949E+11,1.10401E+12,1.08819E+12,1.1424E+12,1.16243E+12,1.26646E+12,1.41676E+12
LIC,2.19319E+11,2.57457E+11,3.08114E+11,3.56076E+11,4.27293E+11,5.12642E+11,5.26008E+11,5.91637E+11,4.30766E+11,4.08599E+11,4.16884E+11,4.48531E+11,4.49578E+11,4.4444E+11,4.91499E+11,4.15816E+11,4.42287E+11,4.36036E+11,4.67877E+11,5.21634E+11
LIE,3070803439,3454374270,3659320087,4000101033,4601430549,5081479840,4504376590,5082338965,5739705822,5456099685,6391711429,6657526636,6268513140,6237299538,6474310910,6692618411,6436467007,6405765970,7186428783,
LKA,18881765437,20662525941,24405791045,28279802451,32350238663,40713826321,42066223971,58636160849,67753284135,70447217164,77000578207,82528535573,85140955517,88012281910,94376237832,94493871351,89014978319,84440535699,88496535599,74403578363
LMC,1.68E+12,1.96207E+12,2.28855E+12,2.69139E+12,3.31908E+12,3.74133E+12,3.78573E+12,4.53325E+12,5.18719E+12,5.46179E+12,5.57882E+12,5.86816E+12,5.71656E+12,5.99792E+12,6.44709E+12,6.60676E+12,6.87453E+12,6.61906E+12,7.59201E+12,8.10965E+12
LMY,6.94504E+12,8.24182E+12,9.8101E+12,1.16395E+13,1.43705E+13,1.7193E+13,1.68168E+13,2.04654E+13,2.41519E+13,2.56981E+13,2.72101E+13,2.81401E+13,2.66818E+13,2.69161E+13,2.95905E+13,3.13644E+13,3.21104E+13,3.09835E+13,3.65373E+13,3.86877E+13
LSO,1157825409,1511236656,1682343439,1800092519,1682025303,1766820422,1740835820,2234731974,2579421686,2477702253,2367113170,2441063169,2359754088,2114426469,2306741599,2556247156,2436029588,2117736528,2373416269,2553459763
LTE,4.25788E+12,5.11721E+12,6.17284E+12,7.44857E+12,9.38252E+12,1.16633E+13,1.12689E+13,1.35537E+13,1.65195E+13,1.76807E+13,1.90421E+13,1.97753E+13,1.85499E+13,1.85934E+13,2.06298E+13,2.26214E+13,2.30473E+13,2.25259E+13,2.68275E+13,2.80788E+13
LTU,18781721376,22627507452,26097677572,30183575104,39697891352,47797551588,37388122046,37128694028,43535051482,42927454291,46523420074,48533659592,41435533340,43047309306,47758736932,53751411409,54760617013,56914826861,66414994992,70334299008
LUX,29667268248,35064843793,37672280120,42910146296,51587401416,58844277702,54467289898,56213985987,61696281326,59776383527,65203276467,68804811898,60071584216,62216885436,65712180343,71000359760,69825641851,73992591285,85506243834,82274812251
LVA,11771975157,14435700533,17003459863,21570076499,31054350978,35854274229,26410909091,23956163077,27474380566,28169902669,30204783462,31386896487,27263090547,28083597512,30483806018,34429023435,34343961073,34601740323,39725383601,41153912663
MAC,8246479395,10643253443,12160056755,14874098382,18439981804,21027018551,21587786005,28241799668,36845887225,43189724080,51536592939,54902831794,45048188248,45070807280,50440935654,55284309690,55204961000,25459685020,30123795337,21979475561
MAF,,,,,,,,,775875858,,,772921756.3,,,,,,,,
MAR,58029361339,66114147932,68852655480,75883820424,86947909745,1.01823E+11,1.01155E+11,1.00865E+11,1.10081E+11,1.06937E+11,1.15739E+11,1.19131E+11,1.10414E+11,1.11573E+11,1.18541E+11,1.27341E+11,1.2892E+11,1.21348E+11,1.42867E+11,1.34182E+11
MCO,3597052153,4117728151,4204651894,4586828062,5875376402,6502945305,5473265702,5367561640,6088690667,5742748406,6555590642,7069351224,6261646950,6472837333,6431274938,7194256778,7383941919,6739642360,8596156574,
MDA,1980907435,2598249556,2988342907,3408255364,4401173162,6054824433,5439434059,6974982391,8414351672,8709138767,9496717701,9399833207,7798692878,7982450758,9519053158,11253727815,11735774634,11531967881,13692230147,14420947884
MDG,6372498891,5064732625,5859269752,6395712492,8524620891,10725137722,9616879408,9982711338,11551819618,11578975064,12423555457,12522957401,11323020700,11848613860,13176313594,13760033283,14104664678,13051441203,14554754115,14954967604
MDV,1052121055,1226829563,1163362438,1575200391,1868383461,2271646188,2345294875,2588176055,2774350163,2886163938,3295009231,3697353155,4109416450,4379134273,4754185599,5300949823,5609385434,3746329358,5405557162,6189865408
MEA,1.15877E+12,1.36753E+12,1.64348E+12,1.92493E+12,2.27233E+12,2.83041E+12,2.557E+12,2.98442E+12,3.36826E+12,3.64205E+12,3.58179E+12,3.60249E+12,3.17942E+12,3.21337E+12,3.35227E+12,3.51651E+12,3.52281E+12,3.15788E+12,3.74099E+12,4.41442E+12
MEX,7.29335E+11,7.82243E+11,8.77477E+11,9.75383E+11,1.0527E+12,1.10999E+12,9.00047E+11,1.0578E+12,1.18049E+12,1.20109E+12,1.27444E+12,1.31536E+12,1.17187E+12,1.07849E+12,1.15891E+12,1.22241E+12,1.26901E+12,1.09051E+12,1.27284E+12,1.41419E+12
MHL,131398500,132934600,137666300,142745200,149870000,145969100,150624900,160318500,171567100,179855800,185468000,185172900,182997300,200716000,212701200,219330300,232092300,241722400,259538700,279667900
MIC,6.73242E+12,7.99208E+12,9.51131E+12,1.12937E+13,1.39549E+13,1.66944E+13,1.63058E+13,1.98895E+13,2.37255E+13,2.52915E+13,2.67945E+13,2.76936E+13,2.62351E+13,2.64742E+13,2.9102E+13,3.09472E+13,3.16675E+13,3.05473E+13,3.60662E+13,3.81643E+13
MKD,4946296569,5682784433,6258602830,6861227018,8336475036,9909552356,9401736825,9407170389,10494626768,9745261301,10817702424,11362265294,10064519963,10672467073,11307067001,12683068033,12606338449,12363580535,13825049832,13563132057
MLI,4714071978,5454249123,6247515892,6905934219,8156468818,9838403091,10231962383,10689168011,12995112698,12442035328,13242690790,14364937128,13104764379,14026048334,15365713059,17070867578,17280250805,17465392779,19309463506,18827176532
MLT,5489359281,6116591928,6407287651,6778321415,7925403778,9090376446,8696304529,9035819657,9638733344,9461826174,10550968139,11625843214,11091467514,11667976403,13489296992,15298004130,15881258056,15046136935,17743376199,17765270015
MMR,7754647428,9390855298,10588433069,11863016315,15591182545,23013015832,29455165595,37796052939,54118601975,58318677645,60572257122,63264892768,63045306514,60291738935,61449391917,67144726168,68697761477,78930259069,65124769602,59364362541
MNA,5.77708E+11,6.85784E+11,8.08536E+11,9.42306E+11,1.14831E+12,1.41625E+12,1.3786E+12,1.58778E+12,1.6364E+12,1.76481E+12,1.62405E+12,1.60086E+12,1.43907E+12,1.47584E+12,1.47691E+12,1.40005E+12,1.40862E+12,1.28493E+12,1.50701E+12,1.67699E+12
MNE,1707710053,2073234418,2257174481,2721903149,3680711744,4545674528,4159330370,4142983898,4544429063,4087525609,4465771673,4593852089,4054728173,4376929572,4856602179,5506944403,5542053845,4769995512,5861430526,6095978868
MNG,1595297356,1992066808,2523471602,3414055663,4234999703,5623216610,4583850368,7189482001,10409797375,12292770631,12582122604,12226514666,11619892593,11181350649,11480847740,13178094720,14206359016,13312981427,15286441740,16810883361
MNP,1239000000,1210000000,1061000000,990000000,938000000,939000000,795000000,799000000,729000000,746000000,772000000,832000000,910000000,1230000000,1560000000,1301000000,1181000000,858000000,,
MOZ,6303399758,7631106171,8542083074,9176896597,10450826527,12556173243,11914471513,11104649065,14381552467,16350813487,16974314296,17716091057,15950979333,11936993087,13219079498,14845400593,15390031040,14156864916,15776757420,17851491428
MRT,2051147607,2362501023,2936019526,3919577286,4346212411,5206437121,4714595488,5628878866,6764627666,6728208836,7223071177,6592537782,6166863960,6398741856,6800138755,7473550557,8066118984,8405498736,9996240419,10375460680
MUS,5816559039,6578840499,6488743120,7028810755,8150150144,9990356849,9128843109,10003670690,11518413430,11668696526,12292974008,13074130094,12007291046,12594155346,13713505998,14735695931,14436347115,11401040996,11476433604,12898307089
MWI,4669789300,5058726350,5320409651,5818279739,6451210219,7743617352,9009887947,10128323011,11648142958,8773203178,8031571928,8801326169,9219474373,7909868618,8943543677,9880675786,11025371147,12056108780,12602334124,13164667627
MYS,1.10202E+11,1.24749E+11,1.43534E+11,1.62692E+11,1.9355E+11,2.30812E+11,2.02257E+11,2.55018E+11,2.97952E+11,3.14443E+11,3.23276E+11,3.38066E+11,3.01355E+11,3.01255E+11,3.19109E+11,3.58789E+11,3.65178E+11,3.37339E+11,3.72981E+11,4.06306E+11
NAC,1.23562E+13,1.32484E+13,1.42172E+13,1.5141E+13,1.59498E+13,1.63298E+13,1.58593E+13,1.66729E+13,1.73994E+13,1.80887E+13,1.86963E+13,1.93628E+13,1.97692E+13,2.023E+13,2.11337E+13,2.22656E+13,2.31321E+13,2.2715E+13,2.53237E+13,2.76101E+13
NAM,4926439275,6609206506,7248375217,8001779551,8839536894,8607431845,8938847364,11431412421,12523359441,13042053857,12043307277,12435430396,11335161230,10722018975,12895153160,13682019172,12541928103,10583748757,12446290855,12607436976
NCL,4915353826,5895008985,6238629462,6979155408,8819917187,9067619729,8704438061,9364350065,10351448025,9659151909,10151382877,10635035550,8738203042,8724568971,9173670000,9896402295,9475655342,9454629451,10071349707,
NER,3394084731,3760443735,4383315967,4756361253,5731485046,7297600219,7352131304,7851192499,8772950783,9426912639,10224897441,10862943546,9683867927,10398861981,11185101444,12808661487,12916454871,13744174582,14915002098,13969605583
NGA,1.04739E+11,1.35765E+11,1.75671E+11,2.38455E+11,2.78261E+11,3.39476E+11,2.95009E+11,3.66991E+11,4.14467E+11,4.63971E+11,5.20117E+11,5.74184E+11,4.93027E+11,4.04649E+11,3.75746E+11,4.21739E+11,4.74517E+11,4.32199E+11,4.40834E+11,4.77386E+11
NIC,5322454926,5795568205,6321324455,6763418646,7423365275,8496948184,8298736471,8758619131,9774320144,10531980451,10982954744,11880433903,12756722238,13286066155,13785890939,13025266513,12699028890,12678162359,14145852101,15671583878
NLD,5.8007E+11,6.5838E+11,6.85348E+11,7.33955E+11,8.48559E+11,9.5187E+11,8.71519E+11,8.47381E+11,9.05271E+11,8.38923E+11,8.77173E+11,8.92168E+11,7.65573E+11,7.8406E+11,8.3387E+11,9.14043E+11,9.10194E+11,9.09793E+11,1.0118E+12,9.91115E+11
NOR,2.29385E+11,2.65267E+11,3.09979E+11,3.46913E+11,4.02646E+11,4.64918E+11,3.87974E+11,4.31052E+11,5.01361E+11,5.12777E+11,5.26014E+11,5.01736E+11,3.8816E+11,3.70957E+11,4.01745E+11,4.39789E+11,4.08743E+11,3.67633E+11,4.90293E+11,5.79267E+11
NPL,6330473097,7273938315,8130258415,9043715356,10325618017,12545438605,12854985464,16002656434,21573872274,21703100747,22162205046,22731612827,24360801338,24524109485,28971588881,33111525183,34186180695,33433659223,36924841430,40828247302
NRU,,,,,,,,47562842.37,65071849.58,101055718.6,94384979.01,99149259.84,84863407.87,97541914.58,109355653.7,130995580.1,125160081.8,124685686.6,145536603.2,150922211
NZL,88250885550,1.03906E+11,1.1472E+11,1.11539E+11,1.37189E+11,1.33131E+11,1.21374E+11,1.46518E+11,1.68291E+11,1.76207E+11,1.90907E+11,2.01313E+11,1.78064E+11,1.88838E+11,2.06556E+11,2.11887E+11,2.13092E+11,2.1257E+11,2.55552E+11,2.47234E+11
OED,3.19512E+13,3.55728E+13,3.76093E+13,3.96744E+13,4.34361E+13,4.61227E+13,4.31448E+13,4.52556E+13,4.86747E+13,4.86224E+13,4.92704E+13,5.02789E+13,4.74112E+13,4.83274E+13,5.04472E+13,5.33715E+13,5.38782E+13,5.25361E+13,5.83639E+13,5.95965E+13
OMN,21633708192,24763712874,31081991678,37215779714,42085379454,60905452536,48388363589,64993498049,77497529259,87408842653,89936020806,92699089727,78710793238,75128738622,80856697009,91505851756,88060858257,75909397659,88191977373,1.14667E+11
OSS,1.22231E+11,1.51646E+11,1.83677E+11,2.15632E+11,2.63863E+11,3.22996E+11,2.77195E+11,3.22561E+11,3.96974E+11,4.14E+11,4.32057E+11,4.46621E+11,3.7045E+11,3.66512E+11,3.99126E+11,4.43079E+11,4.34119E+11,3.78201E+11,4.55685E+11,5.29871E+11
PAK,91760542940,1.0776E+11,1.20055E+11,1.37264E+11,1.52386E+11,1.70078E+11,1.68153E+11,1.77166E+11,2.13588E+11,2.24384E+11,2.31218E+11,2.44361E+11,2.70556E+11,3.1363E+11,3.39206E+11,3.56128E+11,3.20909E+11,3.00426E+11,3.48263E+11,3.76533E+11
PAN,13693981200,15013381700,16374393900,18141666300,21295984200,25155888600,27116635600,29440287600,34686224300,40429700000,45599900000,49921400000,54091800000,57907700000,62202700000,67294169235,69721787533,57086836942,67406738052,76522511781
PER,58731030122,66768703498,76060606061,88643193062,1.02171E+11,1.20551E+11,1.20823E+11,1.47528E+11,1.71762E+11,1.9265E+11,2.01176E+11,2.00786E+11,1.89803E+11,1.91898E+11,2.11008E+11,2.22597E+11,2.28326E+11,2.01948E+11,2.23718E+11,2.42632E+11
PHL,87039092439,95002000250,1.0742E+11,1.27653E+11,1.5598E+11,1.81625E+11,1.75975E+11,2.08369E+11,2.34217E+11,2.61921E+11,2.83903E+11,2.97484E+11,3.06446E+11,3.18627E+11,3.28481E+11,3.46842E+11,3.76823E+11,3.61751E+11,3.94087E+11,4.04284E+11
PLW,153963200,165186200,190452900,192382400,198897700,198283900,187522800,185943000,196911100,212397800,221117200,241669800,280457700,298300000,285600000,284900000,278900000,251900000,217800000,
PNG,3536411824,3927157867,4865892972,8354911622,9545029481,11670891360,11619455043,14250785801,17985138450,21295165201,21261338065,23210823987,21723439626,20758874953,22742696408,24109780113,24751069238,23848442440,26311656000,30633444295
POL,2.17829E+11,2.55107E+11,3.06146E+11,3.44627E+11,4.29021E+11,5.336E+11,4.39732E+11,4.75697E+11,5.24374E+11,4.95231E+11,5.15762E+11,5.39081E+11,4.77111E+11,4.70025E+11,5.24641E+11,5.8878E+11,5.96058E+11,5.99443E+11,6.79442E+11,6.88177E+11
PRE,3.32451E+11,4.14234E+11,5.16905E+11,6.52732E+11,7.89892E+11,9.86048E+11,9.02166E+11,1.06058E+12,1.2356E+12,1.3418E+12,1.47144E+12,1.56211E+12,1.33401E+12,1.21751E+12,1.29493E+12,1.34831E+12,1.42116E+12,1.30838E+12,1.42959E+12,1.61232E+12
PRI,74827400000,80322313000,83914521300,87276164400,89524131600,93639300000,96385600000,98381300000,1.00352E+11,1.01565E+11,1.0245E+11,1.02446E+11,1.03376E+11,1.04337E+11,1.03446E+11,1.00958E+11,1.05126E+11,1.03131E+11,1.06369E+11,1.13435E+11
PRK,,,,,,,,,,,,,,,,,,,,
PRT,1.65226E+11,1.89382E+11,1.97254E+11,2.08756E+11,2.40496E+11,2.63416E+11,2.44668E+11,2.38113E+11,2.45118E+11,2.16224E+11,2.26434E+11,2.29902E+11,1.99394E+11,2.06426E+11,2.21358E+11,2.42313E+11,2.39987E+11,2.29032E+11,2.53983E+11,2.51945E+11
PRY,7691367471,9624440836,10737500188,13429430050,17856393235,24615267617,22355151178,27129301048,33737033607,33296438409,38651334593,40377987315,36211372646,36089550672,38997129809,40225448651,37925338460,35432177936,39950899733,41722295362
PSE,3968000000,4603100000,5125700000,5348300000,5815700000,7310400000,8085700000,9681500000,11186100000,12208400000,13515500000,13989700000,13972400000,15405400000,16128000000,16276600000,17133500000,15531700000,18109000000,19111900000
PSS,4239178866,4877982920,5419134369,5688864951,6273728182,6704438240,6031359070,6634286339,7736812460,8198532205,8523915458,9263444824,9054327014,9504027365,10256678900,10760671502,10739835369,9531900179,9475964549,10226024920
PST,3.05725E+13,3.39716E+13,3.57427E+13,3.76049E+13,4.10441E+13,4.34768E+13,4.09298E+13,4.26913E+13,4.58496E+13,4.57783E+13,4.62335E+13,4.71488E+13,4.45859E+13,4.55931E+13,4.75357E+13,5.0385E+13,5.08801E+13,4.97194E+13,5.50909E+13,5.60135E+13
PYF,4927780605,5564109988,5705052111,5877997997,6631156411,7136741398,6584557942,6086644791,6203940049,5692858094,6031827089,6151996535,5325846342,5497036487,5833352684,6135116261,6022276207,5731835679,6080359305,
QAT,23533791209,31734065934,44530494505,60882142857,79712087912,1.1527E+11,97798351648,1.25122E+11,1.67775E+11,1.86834E+11,1.98728E+11,2.06225E+11,1.6174E+11,1.51732E+11,1.61099E+11,1.83335E+11,1.76371E+11,1.44411E+11,1.79677E+11,2.37296E+11
ROU,57806382692,74973660681,98454374488,1.22024E+11,1.74589E+11,2.14317E+11,1.74102E+11,1.70029E+11,1.92614E+11,1.79133E+11,1.89789E+11,1.99714E+11,1.77884E+11,1.85288E+11,2.10147E+11,2.43316E+11,2.51018E+11,2.51363E+11,2.85405E+11,3.01262E+11
RUS,4.30347E+11,5.91017E+11,7.64016E+11,9.89932E+11,1.2997E+12,1.66085E+12,1.22265E+12,1.52492E+12,2.04592E+12,2.20829E+12,2.29247E+12,2.05924E+12,1.36348E+12,1.27679E+12,1.5742E+12,1.65733E+12,1.69311E+12,1.49308E+12,1.83689E+12,2.24042E+12
RWA,2138185328,2376464520,2933765825,3319711249,4070391531,5179804291,5674428928,6124693374,6884907733,7654782979,7820052084,8239042500,8543869360,8695318854,9252833678,9636510839,10346675636,10172925172,11055281971,13312796765
SAS,7.91027E+11,9.17083E+11,1.0506E+12,1.19609E+12,1.50416E+12,1.52761E+12,1.68317E+12,2.06247E+12,2.27735E+12,2.3024E+12,2.36271E+12,2.58779E+12,2.70484E+12,3.01076E+12,3.43388E+12,3.53421E+12,3.658E+12,3.49001E+12,4.06278E+12,4.36163E+12
SAU,2.15808E+11,2.58742E+11,3.2846E+11,3.769E+11,4.15965E+11,5.19797E+11,4.29098E+11,5.28207E+11,6.76635E+11,7.4185E+11,7.53865E+11,7.66606E+11,6.69484E+11,6.66E+11,7.14995E+11,8.46584E+11,8.38565E+11,7.34271E+11,8.68586E+11,1.10815E+12
SDN,21355295732,26646007251,35182707174,45263824686,59440139775,64833088568,58315346841,74151157012,78402841445,63196236489,66027147865,76818773785,84984672416,1.02944E+11,1.29719E+11,32333780383,32338079165,27034593750,34229513775,51662241775
SEN,8768721561,10076816661,11009033445,11697918245,13994218399,16853989611,16145867483,16121315902,17814283650,17660870396,18918667731,19797253445,17774766697,19040312331,20996562959,23116701540,23403995985,24530513059,27569136728,27684430244
SGP,97646382413,1.15034E+11,1.27808E+11,1.48627E+11,1.80942E+11,1.93617E+11,1.9415E+11,2.39808E+11,2.79357E+11,2.95093E+11,3.07576E+11,3.14864E+11,3.07999E+11,3.1903E+11,3.43273E+11,3.7687E+11,3.76837E+11,3.48392E+11,4.23797E+11,4.66789E+11
SLB,417668997.4,468005324.5,552864568.4,617258127.2,695295347.6,776337725.2,805557595.9,898133646.6,1063895357,1185283422,1285911569,1335571357,1307909891,1379490315,1469789050,1615478421,1619154958,1536145831,1580303517,1595710784
SLE,1369685677,1430217081,1627058706,1862116165,2126679686,2451896682,2419014960,2578159480,2932274242,3789251962,4920343203,5015180836,4252029354,3862721205,3719443318,4085114542,4076578654,4062906364,4249234574,3970343852
SLV,13243892200,13724810900,14698000000,15999890000,17011750000,17986890000,17601620000,18447920000,20283780000,21386150000,21990960000,22593470000,23438240000,24191430000,24979190000,26020850000,26881140000,24930080000,29451240000,32488720000
SMR,1464326161,1723750000,1785847531,1908167106,2185874624,2393437820,2056126702,1881191950,1813717695,1604701051,1678741202,1673910988,1419400404,1468342431,1528621195,1655354304,1616188702,1541247884,1855382833,
SOM,,,,,,,,,,,4577000012,5024999992,5335000000,5534000000,5609000000,5856000006,6485000000,6883000000,7628000011,8126105600
SRB,22482365322,26141968161,27683225959,32482070360,43170990616,52194221469,45162894381,41819468692,49258136129,43309252921,48394239475,47062202241,39655949731,40692661657,44179075779,50640662859,51514242776,53356484764,63082021206,63501748652
SSA,5.57495E+11,6.92416E+11,8.22378E+11,9.72441E+11,1.12629E+12,1.27726E+12,1.22916E+12,1.46073E+12,1.64844E+12,1.71163E+12,1.81861E+12,1.89946E+12,1.6946E+12,1.57508E+12,1.70441E+12,1.77263E+12,1.82173E+12,1.71287E+12,1.92517E+12,2.04576E+12
SSD,,,,,,14586253383,12231264525,14602072411,14907308933,11931472169,18426469017,13962212847,11997800760,,,,,,,
SSF,5.58251E+11,6.93315E+11,8.23361E+11,9.73527E+11,1.12737E+12,1.27824E+12,1.23001E+12,1.46171E+12,1.6495E+12,1.71272E+12,1.81994E+12,1.90085E+12,1.69599E+12,1.57654E+12,1.70594E+12,1.77422E+12,1.82337E+12,1.71405E+12,1.92646E+12,2.04735E+12
SST,1.66347E+11,2.00139E+11,2.38393E+11,2.77387E+11,3.32461E+11,4.00482E+11,3.43065E+11,3.94135E+11,4.74786E+11,4.96043E+11,5.15808E+11,5.32806E+11,4.54985E+11,4.46993E+11,4.82865E+11,5.30086E+11,5.22142E+11,4.53728E+11,5.40834E+11,6.33047E+11
STP,102085765.5,114582282,136450658.1,142775109.8,149146918.9,188021169.3,187821029.4,196652514.3,231489270.1,250680845.7,300554483.6,346528329.2,316066072.3,345495615,375614126.2,412253809.7,427425039.7,472551023.6,526653790.7,546680341.6
SUR,1274190311,1484092538,1793410617,2626380435,2936612022,3532969035,3875409836,4368371528,4422276622,4980000000,5145757576,5240606061,5126238146,3317421500,3591679371,3996198760,4016040575,2911807496,2984706244,3620655116
SVK,46919965224,57437444469,62808723477,70767338922,86563986799,1.0088E+11,89399303222,91162836320,99922685425,94623731086,98935222175,1.01437E+11,88900883131,89952699525,95649966261,1.06138E+11,1.0571E+11,1.06729E+11,1.18657E+11,1.15469E+11
SVN,29634713641,34414784504,36206395971,39481045038,48067401207,55779427740,50567734886,48208240226,51583869785,46577793184,48415657265,49997186439,43107506024,44766722791,48589100043,54177882426,54331588482,53706800044,61748586535,62117768015
SWE,3.34337E+11,3.85119E+11,3.92219E+11,4.23091E+11,4.91255E+11,5.17706E+11,4.36536E+11,4.95813E+11,5.74094E+11,5.52484E+11,5.86842E+11,5.81964E+11,5.05104E+11,5.15655E+11,5.41019E+11,5.55455E+11,5.3388E+11,5.47054E+11,6.36856E+11,5.85939E+11
SWZ,2197598418,2770082792,3178112332,3291329938,3469381231,3294084181,3580427986,4438765109,4820478592,4886551706,4597552949,4422986447,4063245671,3816019223,4402969226,4666598024,4466214522,3982236726,4748702401,4854167638
SXM,,,,,,,,,936089385.5,985865921.8,1022905028,1245251397,1253072626,1263687151,1191620112,1185474860,1459776536,1240279330,1384636872,1571564246
SYC,750847276.4,893012218.2,977899381.8,1081441349,1077308888,979597364.9,851064318.8,981918002.9,1059249940,1089880668,1324915222,1387576414,1391427967,1458954110,1529773286,1587813245,1645090567,1183515398,1286687873,1588406479
SYR,95693808463,1.12863E+11,1.34204E+11,1.538E+11,1.8003E+11,2.1809E+11,2.24562E+11,2.52518E+11,67539427671,43190317725,21361254648,21502061462,16468399180,12598742887,16369724433,21496337968,22600896352,11159274040,,
TCA,409753600,485598800,578645800,721891500,773489700,862683600,703175800,686787800,728789600,727161000,754238000,841070000,942070000,1032452000,1022365000,1113178000,1197415000,924583000,1044778790,1138808881
TCD,2742815071,4422855658,6649307528,7428701455,8650137735,10393833755,9290728312,10668103549,12172308858,12367362746,12953534870,13940767222,10950392257,10097778097,10000394388,11239167890,11314951088,10715396051,11779981332,12704149842
TEA,2.30841E+12,2.67857E+12,3.1026E+12,3.73565E+12,4.72146E+12,5.97096E+12,6.47588E+12,7.8791E+12,9.63297E+12,1.07451E+13,1.18558E+13,1.27822E+13,1.33103E+13,1.35949E+13,1.48582E+13,1.66191E+13,1.71857E+13,1.74656E+13,2.08113E+13,2.11629E+13
TEC,1.2582E+12,1.62801E+12,2.03929E+12,2.46629E+12,3.17226E+12,3.92665E+12,3.11359E+12,3.65754E+12,4.44968E+12,4.64628E+12,4.91519E+12,4.64378E+12,3.62743E+12,3.48557E+12,3.90915E+12,4.07634E+12,4.15645E+12,3.89933E+12,4.61537E+12,5.1851E+12
TGO,2875255593,3071152629,3100356552,3195618966,3618281293,4516616224,4592147228,4660369658,5262368232,5263522037,5872790935,6217047649,5681469374,6031632015,6395472028,7029217932,6992656429,7389329393,8334047486,8126439481
THA,1.52281E+11,1.72896E+11,1.89318E+11,2.21758E+11,2.62943E+11,2.91383E+11,2.81711E+11,3.41105E+11,3.70819E+11,3.97558E+11,4.20334E+11,4.07339E+11,4.01296E+11,4.13366E+11,4.56357E+11,5.06754E+11,5.43977E+11,5.00457E+11,5.05568E+11,4.95341E+11
TJK,1555318431,2076176636,2312352268,2830213563,3719524181,5161299725,4979471964,5642221529,6522755783,7633036366,8448410727,9112606075,8271431932,6992416097,7536403147,7765000282,8300813890,8133963813,8937805347,10492123388
TKM,5977440583,6838351088,8103901996,10276674365,12664165103,19271523179,20214385965,22583157895,29233333333,35164210526,39197543860,43524210526,35799714286,36169428571,37926285714,40765428571,44220285714,45610571429,,
TLA,1.92253E+12,2.22538E+12,2.70893E+12,3.18624E+12,3.77323E+12,4.4091E+12,4.13016E+12,5.15973E+12,5.88703E+12,5.94725E+12,6.09517E+12,6.2155E+12,5.14847E+12,5.0154E+12,5.59322E+12,5.46443E+12,5.37133E+12,4.52922E+12,5.23823E+12,5.94554E+12
TLS,490439100,440764600,462283600,453805100,542795400,648492700,726882400,881827800,1042411500,1160389600,1395519600,1447310400,1594447600,1650619400,1595724300,1563887900,2028551600,2158392500,3621222400,3163324631
TMN,5.7374E+11,6.8118E+11,8.03411E+11,9.36958E+11,1.1425E+12,1.40894E+12,1.37051E+12,1.5781E+12,1.62522E+12,1.7526E+12,1.61053E+12,1.58687E+12,1.4251E+12,1.46044E+12,1.46078E+12,1.38377E+12,1.39149E+12,1.2694E+12,1.48891E+12,1.65789E+12
TON,202246621.2,230657579.1,261803692.1,292230634.2,298519087.7,344436494.4,312377751.1,366832186.5,414533045.1,470705334.8,450650718.2,439877675.7,437003006.7,420548768.1,460374252.2,488906860.9,512053639.8,484796858.8,469228124.2,
TSA,7.91027E+11,9.17083E+11,1.0506E+12,1.19609E+12,1.50416E+12,1.52761E+12,1.68317E+12,2.06247E+12,2.27735E+12,2.3024E+12,2.36271E+12,2.58779E+12,2.70484E+12,3.01076E+12,3.43388E+12,3.53421E+12,3.658E+12,3.49001E+12,4.06278E+12,4.36163E+12
TSS,5.58251E+11,6.93315E+11,8.23361E+11,9.73527E+11,1.12737E+12,1.27824E+12,1.23001E+12,1.46171E+12,1.6495E+12,1.71272E+12,1.81994E+12,1.90085E+12,1.69599E+12,1.57654E+12,1.70594E+12,1.77422E+12,1.82337E+12,1.71405E+12,1.92646E+12,2.04735E+12
TTO,11305459802,13280292692,15982388173,18369361094,21641620050,27871587350,19172165226,22157919434,25433008605,27121712419,28557451150,29489012807,26851970249,23496215881,23797686962,24322359037,23849557811,21059428846,24460196270,27899082337
TUN,27453895159,31183893587,32272178404,34376664601,38915343743,44859452038,43455740497,46206091938,48123314430,47311411910,48685436425,50271812921,45779494042,44360065797,42163530591,42686509836,41905637659,42538462678,46687298709,46664948952
TUR,3.14596E+11,4.08865E+11,5.06315E+11,5.57076E+11,6.81321E+11,7.70449E+11,6.49289E+11,7.76967E+11,8.38786E+11,8.80556E+11,9.57799E+11,9.38934E+11,8.64314E+11,8.69683E+11,8.58989E+11,7.78477E+11,7.59935E+11,7.20289E+11,8.19034E+11,9.05988E+11
TUV,19456335.93,22798266.6,22909973.98,24096867.47,28450156.79,31874425.95,28076988.13,32105394.15,39196949.34,39345578.22,38615887.03,38760972.42,36811928.82,41629064.97,45276606,48015219.95,54123195.27,51746568.7,60196366.81,60349391.1
TZA,15224257698,16675948415,18399046025,18649590248,21843529025,27961527623,29081826159,32014247548,34657141721,39650522646,45680532614,49964825081,47378603784,49774004999,53275968095,57003686049,61026765850,66068737757,70655628141,75709289056
UGA,6606884274,7939487548,9239221760,9977647685,11902564497,14440404137,25127805566,26673441432,27871725245,27305915908,28915786520,32612397253,32387183733,29203988697,30744473840,32927025621,35348155092,37605430214,40510241366,45559202049
UKR,52010352502,67220154164,89238865119,1.11885E+11,1.48734E+11,1.8811E+11,1.21552E+11,1.41209E+11,1.69334E+11,1.82592E+11,1.90499E+11,1.33504E+11,91030968761,93355868978,1.12091E+11,1.30891E+11,1.53883E+11,1.56618E+11,1.99766E+11,1.60503E+11
UMC,5.05235E+12,6.02994E+12,7.22269E+12,8.60221E+12,1.06357E+13,1.29531E+13,1.25201E+13,1.53563E+13,1.85383E+13,1.98297E+13,2.12156E+13,2.18255E+13,2.05186E+13,2.04763E+13,2.26549E+13,2.43405E+13,2.4793E+13,2.39282E+13,2.84751E+13,3.00553E+13
URY,12045638210,13686329890,17362857684,19741420467,23797773024,31119603034,32708318594,41950361212,50342405198,54232266359,61337620936,61496186974,57680328702,57480788380,65006047680,65203071111,62048585619,53666908480,61412268249,71177146197
USA,1.14564E+13,1.22172E+13,1.30392E+13,1.38156E+13,1.44742E+13,1.47699E+13,1.44781E+13,1.5049E+13,1.55997E+13,1.6254E+13,1.68432E+13,1.75507E+13,1.8206E+13,1.86951E+13,1.94773E+13,2.05331E+13,2.1381E+13,2.10605E+13,2.33151E+13,2.54627E+13
UZB,10134453435,12030023548,14307509839,17330833853,22311393928,29549438884,33689223673,49765676402,60178909297,67517349212,73180037913,80845385816,86196264742,86138288633,62081322741,52870108218,60283503705,60224701296,69600614989,80391853885
VCT,509090888.9,549900185.2,579948925.9,643501148.1,713596666.7,732663259.3,714300259.3,720447888.9,713796370.4,730032592.6,764781259.3,770901436.4,786554580.8,814302267.1,844039068.8,884328180.5,910765709.8,869111852.8,872226063.7,948558503.1
VEN,83620628582,1.12451E+11,1.45513E+11,1.83478E+11,2.30364E+11,3.15953E+11,3.29788E+11,3.93192E+11,3.16482E+11,3.81286E+11,3.71005E+11,4.82359E+11,,,,,,,,
VGB,,,,,,,,,,,,,,,,,,,,
VIR,3443000000,3797000000,4428000000,4484000000,4784000000,4244000000,4201000000,4324000000,4223000000,4089000000,3738000000,3565000000,3663000000,3798000000,3794000000,3922000000,4117000000,4204000000,,
VNM,39552513231,45427854693,57633255739,66371664817,77414425532,99130304099,1.06015E+11,1.47201E+11,1.72595E+11,1.95591E+11,2.13709E+11,2.33451E+11,2.39258E+11,2.57096E+11,2.81354E+11,3.10106E+11,3.34365E+11,3.46616E+11,3.66138E+11,4.08802E+11
VUT,314471413.9,364996869.1,394962431.8,439358585.2,516392922.5,590748431.3,592622317.3,670712977.4,770153591.1,747839697.7,758304466.2,772315986.5,730870805.2,780889605.9,880061831,914736985.4,936526267.6,909421043.5,971636097.9,983582864.6
WLD,3.91616E+13,4.41336E+13,4.77936E+13,5.17911E+13,5.83611E+13,6.41352E+13,6.08179E+13,6.66198E+13,7.38817E+13,7.55259E+13,7.76352E+13,7.97565E+13,7.52151E+13,7.64865E+13,8.1442E+13,8.65022E+13,8.77281E+13,8.52152E+13,9.68824E+13,1.00562E+14
WSM,333426144.5,407747521.1,476801793.2,499923757.8,573548459.8,641346191.7,628006115.4,680260919.9,744096948.5,773141695.1,797736265.9,796683672.8,824150487.2,843924750.7,884844419.8,878448439.5,912950619.4,868898350.4,843850777.8,832421565.4
XKX,,,,,,5181776769,5015894693,5343950626,6341614505,6163483291,6735327512,7074392884,6295845465,6682674063,7180768692,7878762812,7899741279,7717143395,9412034299,9429156202
YEM,11777966673,13872791659,16746347681,19061978586,21650532264,26910855852,25130278254,30906749533,32726417878,35401323350,40415233436,43228585321,42444489461,31317824906,26842231205,21606161066,,,,
ZAF,1.97019E+11,2.55807E+11,2.88867E+11,3.03859E+11,3.33077E+11,3.16131E+11,3.29754E+11,4.17364E+11,4.58199E+11,4.34401E+11,4.00886E+11,3.81199E+11,3.4671E+11,3.23586E+11,3.81449E+11,4.04159E+11,3.88531E+11,3.3762E+11,4.19016E+11,4.0587E+11
ZMB,4901869716,6221109716,8331870169,12756858899,14056957976,17910858638,15328342304,20265559484,23459515276,25503060420,28037239463,27141023558,21251216799,20958412538,25873601261,26311506435,23308667781,18110638619,22147649569,29784454056
ZWE,5727591800,5805598400,5755215200,5443896500,5291950100,4415702800,9665793300,12041655200,14101920300,17114849900,19091020000,19495519600,19963120600,20548678100,17584890937,34156069918,21832234926,21509698406,28371238666,20678055598
